total_miles,revenue,trip_type
421.83504478831156,18160.522763558118,Domestic
314.784176826867,5191.071831118176,Domestic
962.8457002380629,19038.987985643675,Domestic
768.0826328187393,13403.381936661417,Intercom
1171.7220369548156,42585.33851293415,Intercom
922.7187742192918,30639.311097841713,Domestic
62.21305746393328,1853.4649250126415,International
78.4360084418438,1627.4016277348474,Domestic
177.6960068927001,4191.1424003147,Domestic
668.8717815143765,29430.146482362026,International
102.27593537851861,2447.9955097360244,Domestic
684.3058982353419,21604.990870884547,Domestic
887.6198025903636,41270.98238686745,Domestic
393.1351198918064,14356.064607736054,Domestic
893.0825064907865,33435.20148765504,Domestic
786.6045331355884,26005.20637116275,Domestic
303.7011629608378,8010.390536712652,Domestic
196.18441699242194,6938.1026621195515,International
426.5941498286937,5215.771281570796,International
527.1847501968215,10933.424329915772,Domestic
208.58253428884794,6020.09307915924,International
729.8533061258846,25966.732220087626,Intercom
476.0751828856967,21774.22228126353,International
735.3143807875019,16436.37507580723,International
954.8765415297294,39481.05930070215,Domestic
1023.4058625632488,17352.39232143014,Domestic
625.5485965706351,9815.629682960145,Intercom
1097.2595233633924,36829.22710743988,International
617.2758039143813,13728.898354946738,International
1029.6441718383157,34257.22587719004,Domestic
994.6233073142909,22008.04011751802,Domestic
296.76711239352596,6062.583499512111,Intercom
272.4257715696072,6243.095749004278,Intercom
204.76339599963356,7774.972934027941,Domestic
970.9597980526455,41678.77545900443,Domestic
934.50594881016,17561.07592233133,Domestic
294.55679713717836,13702.136314174486,Domestic
924.2437474298335,31084.76835337859,Domestic
901.7251596585428,20923.879928059418,Domestic
1042.2960520476909,30536.02371787842,Domestic
573.0092106239199,11258.15808997063,Domestic
794.9055133097258,12417.314841559783,Intercom
427.8798664899736,12413.435738445218,International
731.0743265114029,17124.054763490036,Domestic
395.2690483085022,12512.17064484451,Domestic
707.2429681167883,36036.826816848145,International
316.6438514462467,11689.611597433326,International
958.5243623815755,16906.06970382563,International
689.0007095781298,17263.5233417183,International
505.85475628702386,8964.737319451997,International
198.22102673444178,4119.103389451692,Intercom
1072.1919628990527,24490.726621975162,Domestic
877.5558802354882,41535.08283260347,Domestic
614.3612109882456,9514.254251094551,Domestic
80.89805151290864,4862.901754939611,Domestic
929.5464013053604,36214.308179281186,Domestic
694.0112246064969,23249.982865560512,Intercom
938.0083479674805,18668.157341969425,Domestic
278.6926848382982,4138.370794491821,International
1118.7242091666012,56415.125823496346,International
951.6884160634291,24490.430638357044,Domestic
657.3404440889968,24822.854378453496,Intercom
291.2217979149776,9557.374333165953,International
836.0303021420243,26773.462549107775,Domestic
1086.9956361622176,15350.47117325491,International
738.6323356870672,38917.57922870921,Intercom
78.0070311432627,2007.9271336309985,Domestic
495.3650422439785,11577.136931651186,International
648.9810646267896,25995.41216465268,Intercom
1066.576688501627,31918.17112217534,Domestic
259.69490552277233,8978.981313729259,International
614.2528024368836,14742.090884749703,Domestic
1166.5782903557463,22946.939253738863,International
663.0650038895365,18521.413720829503,International
365.3482656821692,18074.02804603229,Domestic
999.9035445359029,12735.745420202402,Domestic
172.30881526378812,2167.1366678105765,Domestic
529.5987472633597,10634.58541670531,Intercom
733.7874245989194,8918.792969955424,Intercom
461.3723720339547,19109.46464073043,Domestic
1016.775318370544,21292.548113895038,Domestic
1042.916557329274,25959.434742940633,Domestic
1116.2634765281277,32154.813524934718,Domestic
759.1374260034792,32680.677586761427,Domestic
638.6243340339238,10028.70565681051,International
564.692598811755,14674.855024944447,Domestic
807.8503654540574,28636.802738890543,Domestic
270.1709136978907,9156.951915929103,International
1106.3017534166322,38231.57682517784,Domestic
321.2647637255197,6691.774013334543,Domestic
937.1468485308455,24998.736066032583,Domestic
626.4715940471799,4785.249764188271,Domestic
783.0856462594347,42286.15578827758,Domestic
412.43423447849455,8237.345724011171,Domestic
832.891077347875,13150.808620102383,International
418.83469566797896,17516.64442237023,Domestic
806.5451513776095,42411.72669961474,Domestic
120.4801403458802,6089.5019559114,Domestic
415.4282933076816,7785.730905726021,International
394.32708714108,10119.783454420181,Domestic
908.9414509330138,15893.582953179623,International
1146.2501958725954,42945.24732611636,International
928.6769888844522,37444.39274384282,Domestic
704.5578600259995,15975.080886700161,Domestic
540.3818878551015,12459.584373854053,Domestic
1138.0674684296728,33307.548793247726,International
869.8796337826124,10996.535416991115,Domestic
129.5878428321442,5589.494992397441,Domestic
1053.5199303941167,42323.18454701818,International
301.15066575055243,4202.411786672432,Domestic
392.51861461566534,13583.78551860746,Intercom
676.7448876927147,23596.90500210519,Domestic
1135.5983623572479,11973.65462894641,Domestic
476.56288330926617,16891.029845044053,Domestic
814.9882385186411,26392.874713041223,Domestic
703.9212694625779,22839.469633953442,Domestic
1072.8200512495616,36828.93520211984,International
175.08109860762104,3201.066950620187,Domestic
992.8883421645581,21479.49344811852,Intercom
673.8720772636896,15581.41223625661,Domestic
866.1637433510531,36222.282635720425,Domestic
135.47077729403946,4922.6763160141945,Domestic
461.1955584187116,10097.776700106222,International
271.65811981883314,4779.637119747146,Intercom
653.0307824105771,22149.57700488166,Domestic
377.55588848277546,9136.996739170992,International
1016.4026613937676,25513.199143647445,Domestic
471.64914023442975,8508.563745171421,Domestic
1049.0560279022711,24533.26701800869,Domestic
196.18755532826077,10570.365924604383,Intercom
754.4467673743648,38747.795110037696,Domestic
200.36423816996512,8466.912557158574,International
790.1643656423503,25267.50735028587,International
1105.6671824228815,24233.303378406836,International
120.06505541652734,2811.9807214015564,International
414.7819400774634,11568.139898455898,International
547.1069597464216,15982.773718386874,International
577.3410620729009,22854.198218627578,Domestic
100.7702497178216,2510.7757853754647,International
630.0110066102282,11623.00661676082,International
606.5549477293035,23549.49478919347,International
387.22343898275375,10852.524200915395,International
272.1958378649581,14321.935988710957,International
904.0089841942702,15335.098117634061,Domestic
855.7834235443339,16787.321060452916,Domestic
824.9306159038723,10446.43163803884,Domestic
419.8713437393772,12371.507623103309,Domestic
848.9601324777905,18857.804409217726,International
354.7013904729524,7658.302574368681,International
944.4348814089067,19172.54366767701,International
1133.550254188054,38310.24169138087,International
499.8426557529186,20688.73838410729,International
103.94490897126255,3126.3828829928507,Domestic
146.24775556258638,3994.058835853054,Domestic
614.9498885592315,10563.212093720014,Domestic
108.76543161258144,6028.6248365233105,Intercom
317.1148917059547,14611.1157730899,International
1065.3962644710823,15237.438516050544,International
113.94559149178698,1972.0098489823172,Domestic
52.8283853240313,1379.7572593273517,Domestic
929.7998342949319,25660.83094876326,Domestic
775.1029753617163,15930.99148759418,Domestic
55.953916872991016,2489.251233288198,International
964.2978187557324,30568.40299108963,Domestic
386.2695379477597,9863.189822908951,International
581.8938016133047,12127.901390290226,Domestic
767.4323179757858,23422.147048651485,Domestic
910.6006906281909,37626.85872660793,Domestic
890.9997885720751,22996.555259719462,Intercom
113.46709218281586,5352.299286115611,Domestic
503.6177974623845,17500.127402808368,International
704.3199745535966,19520.499884271478,Intercom
839.4707923269823,33761.99712464134,Domestic
259.3265776810996,5710.066258613589,Domestic
101.07406051170187,3943.42939911408,Domestic
81.50722092855725,3300.159194111304,International
524.2216730475977,9163.733858421616,Domestic
882.3723943608283,26742.392556280556,Domestic
462.65416624133854,6141.757402917212,International
312.5250135725653,9922.620863456692,Domestic
999.193780469972,34108.31226459483,Domestic
67.72266477726714,1881.8875488285107,Intercom
856.2651393516231,34509.08319940782,Domestic
192.16028381452406,8149.158730429217,Domestic
1012.0196592403579,39155.80102159447,Domestic
509.34934374588664,8153.50456519174,Domestic
1197.324138627185,55048.493721392726,Intercom
704.1145098631193,20140.99752068022,Domestic
680.8093057992764,10282.43082771853,Domestic
732.3669653143677,15965.438260955598,Domestic
319.0766783875977,6811.662565470733,Domestic
660.3261957038317,36087.62172182002,Domestic
1122.017417732466,54649.2151830707,International
816.5513832040367,33016.71391152389,International
138.20325097279505,6794.964272749234,International
555.4343591960032,24296.961831180026,Intercom
781.2074530050078,14601.539225696833,Domestic
130.05657336857692,5484.611397271171,International
616.4996503283354,8727.363933833669,Domestic
716.4152102573865,18478.886194269537,Domestic
536.3254017339245,17321.93832240039,International
544.8189649855017,22284.12542449258,Intercom
1198.6888340124995,34954.11311669358,Intercom
465.84458663524214,9432.960823472442,Domestic
966.4502747974885,19079.31779519605,International
226.32822509276065,11329.629186522203,International
657.0724736421372,14013.880717796073,Intercom
221.89143563907172,9656.346654382798,Domestic
1026.4684563377218,31196.78894732153,Domestic
212.25292396072825,4831.44439959828,Domestic
451.5809806588546,6940.231706438457,Domestic
938.652557021081,18200.135855448854,Domestic
1014.4083809863863,35689.09066855256,International
661.5329257812532,11918.832262659012,Domestic
456.9773913631539,15851.230827675292,Intercom
526.3255606469545,11941.48003742368,Domestic
911.404121262558,44502.89431314784,Domestic
926.095853835825,21169.79170593245,Domestic
524.5960316086266,6978.878143285263,Domestic
587.0825831173279,11385.487598800239,Domestic
602.3369802535093,11511.069128380761,Intercom
82.59955819263531,2302.319644019669,Domestic
622.7666949652615,19641.46951837181,International
644.941585779746,22515.026436047392,Domestic
809.6967681255504,17630.267186636236,Domestic
469.736388985176,5294.948281239258,Domestic
800.3110040223457,29349.940021756644,Domestic
1165.926385037018,43406.4148879237,Domestic
115.46423486896695,5877.066440141191,International
269.51712794923725,8542.747927885614,Intercom
691.4171378663743,26685.553075978358,International
1113.4925321695844,36262.851433260905,Domestic
714.1069817307435,22023.235586622537,Domestic
399.5967794408146,5962.457517587678,Domestic
224.64972125199168,7627.837881339227,Domestic
590.4877147890704,14736.069185427023,Domestic
133.43888183161636,6188.750493998206,International
1184.3967049975302,24909.628420039087,Domestic
212.2984317372623,2656.376531178797,Intercom
220.33324916459154,7730.460031198528,Intercom
864.8499791325117,47688.031344003655,Domestic
548.4702830581759,12096.510534968114,International
1182.854789658531,71855.83950940077,Domestic
763.5244831960027,30814.712641103397,Domestic
904.5248169860756,9662.582245759606,Domestic
578.0887949023822,18580.588553382368,International
818.99571921202,20404.805525368545,Domestic
489.1622773688775,14029.524817051866,Domestic
1082.17287329471,25323.207141366896,Intercom
999.365064928834,44503.09151993652,Domestic
186.37594073995655,8782.82796970478,Domestic
438.04634746050925,18656.51887887425,International
1108.3579890558217,38198.7260856434,Domestic
851.1713677405362,28768.288141097684,International
655.5645337802688,14317.111050067786,Domestic
240.33419396739777,5363.541770180087,Domestic
731.9373858189583,29337.965736472295,International
1060.6260903504945,25990.29823643013,Domestic
1092.035376885218,19405.665581585443,International
1030.7043914598764,21419.309618824744,Domestic
418.0209806173888,17267.427780382997,Intercom
807.4633042438039,33929.53063092716,Domestic
1028.241006302084,49390.44662018775,International
56.47962170911687,1798.0057411728876,Domestic
591.2773041219341,27887.621051401828,Domestic
841.0881766900822,18814.555983888997,International
1037.289128882579,15190.907912122793,Domestic
946.6035314489357,44960.519498912225,Domestic
51.12270952406842,2035.5323397728357,Domestic
691.459655485116,13718.755229298338,International
958.8254623317631,21088.35951138958,Intercom
568.1077212175086,17819.66518714661,Domestic
103.55623608572155,4056.023063147527,International
1133.5915870251647,21753.714802917537,Intercom
574.8416379042661,12240.436128099134,Domestic
968.9508103962806,19319.118770943973,Intercom
1000.072492432774,18723.552839800126,Domestic
348.54060344792754,15300.2143771725,Intercom
621.3550196912862,20376.03139699941,International
305.67734378455066,10781.45502458019,Domestic
1019.860258854603,31713.96519753915,Domestic
600.672233955967,21925.199688559587,International
1168.2892846041577,37077.37608372952,Domestic
1070.0514626347303,40573.846267532885,Domestic
99.77584956130781,3622.176857986771,Domestic
916.4966376322084,35825.35438339654,Intercom
1038.0947150913892,21074.218035922564,Domestic
113.78367221846017,2297.028791995862,International
944.86758768021,36345.237341824904,International
541.9905085875556,14311.116453525216,Domestic
620.5997821245018,9116.005051914599,Domestic
1146.7929340925643,30761.735284029135,Domestic
489.1211179335643,8107.090310964282,Domestic
919.5658337760542,15671.145865166654,Domestic
967.4068664986706,43998.43664506008,Domestic
96.40852600426885,2831.4811168608503,International
119.25903085769818,3757.6007247466423,International
868.0623103412415,22110.676783141098,Domestic
531.972352559923,12836.856666768035,International
632.411882126856,31968.364390876355,Domestic
1098.4373006534938,57892.15942367598,Domestic
1033.8377684904108,26585.621958583048,Domestic
1068.556265102978,32812.4120678978,Domestic
366.0401000328657,9565.905991292699,Domestic
368.56297099039534,11450.051000665568,Domestic
300.0279450872629,6431.2660748749695,Domestic
811.8917262393271,16464.532179177113,Domestic
66.44300805101746,995.6203124911998,International
235.6305809504382,8114.004607468619,International
160.12166139787703,5630.072637407871,Intercom
816.5835894012484,20268.179374476957,Domestic
448.81482912685846,15858.260842081465,Intercom
411.28852125610956,9635.580114881588,Domestic
1073.1630226109987,30791.21098170185,Domestic
555.3415408150838,14448.863810755964,Domestic
550.7847699453123,11282.423699217243,International
193.27950010429515,7941.29533839489,Domestic
855.4663613131866,19326.195311798834,International
1060.3187011718742,21593.745315574663,Domestic
248.91861961816417,5998.672536436198,International
1047.0133969760877,22794.068579452887,Domestic
186.30031416293235,2240.100124067447,Domestic
327.0667333948362,11131.151123970663,Domestic
811.055194671701,12839.149615829147,Domestic
922.5546493372648,17738.9723370496,International
335.92155044714275,4297.265113932832,Domestic
159.80710350620248,4025.0252925231466,International
281.4815093105939,5102.441318926273,Domestic
920.1016021915126,17842.1287564239,International
625.6671150875414,25748.208167893023,Domestic
473.7678028508278,20232.78776687775,Domestic
580.8851702103395,17014.95327001713,Domestic
269.5309394420051,4997.386368104643,Domestic
166.52206453313127,3887.185140977405,Domestic
248.12277859853035,5016.9987641761345,Domestic
905.4733151501244,37437.566877679266,Domestic
328.97843118168396,16957.630405399177,Domestic
807.0555242334449,18482.519970916885,Intercom
833.2333121055219,28408.758809066596,International
559.3838880210913,21348.048354472252,International
900.517115956886,19398.877190664927,International
633.5714236492478,25104.586969792526,International
118.69603899708342,4396.140369860756,Domestic
791.3919886583112,23143.75981426015,International
1087.8597620118633,25162.97503235165,Domestic
699.1827272946347,21066.06501073346,Domestic
660.3971770705577,20213.026825310368,International
1196.5519689981052,47749.68426199776,Domestic
253.4807046844142,9156.628689781848,Domestic
145.84140379505234,2310.286989706769,Domestic
348.84201274659455,14129.035732883744,International
1181.575150804741,47701.801291063435,International
788.1223341836446,15204.937447985323,International
489.4740608709765,16165.157418033257,Domestic
126.74628357874133,3889.919828326018,International
1158.4331957463426,26956.920645723545,Intercom
403.2879322493328,12529.577946335045,Domestic
904.6788635071013,21754.272902620116,Domestic
749.2142874031863,28106.49483645077,Intercom
286.9610622223257,7942.682496422079,Intercom
105.21983906803125,1905.9135859394783,International
1193.5206346908506,48723.282817503394,Domestic
993.391452334567,34033.990425357806,Domestic
287.8249124181596,5780.24049833363,International
1138.046785683726,31900.280525384227,Intercom
120.19601527602163,3878.99347658434,International
1042.0705217305099,32339.638904561863,International
814.6307247921861,18936.371407351522,Domestic
743.8035563374413,24234.3569173652,Intercom
279.78709184293876,7417.066380188281,Intercom
463.0173862207404,14747.151156431339,Domestic
278.11873373055204,7640.444144135576,Intercom
1162.40721944326,29956.313445387084,International
279.40050787593646,8792.803786483704,Intercom
86.89184754650671,2637.3659779667455,Domestic
154.87564399797864,2436.3271139706217,International
1046.3112235402268,18781.773303497317,Domestic
304.7204856654872,18543.10580256449,Domestic
598.0531397369081,14195.903227887195,International
983.1069561564464,32376.04512931702,Domestic
1162.760198453976,27117.84599820026,Domestic
267.2883701434879,4580.022568205019,International
658.8591052357104,26469.498911889506,Domestic
1007.2019929503507,32198.019369063455,International
687.942990370212,18873.850852774878,Domestic
544.148064046133,19092.285611923842,Domestic
792.414139393243,16380.918727328935,Intercom
1055.6633587258289,22917.743116509482,Intercom
703.019375145251,15995.191428313608,Domestic
280.10785340059726,11952.29247690077,Domestic
860.9363238012756,13592.4062269572,International
543.1034820397772,10702.867474523262,Domestic
723.7697500000429,28413.259589309175,Intercom
572.6075020988904,18127.422330202146,Domestic
107.04063037559962,2765.113231351745,Domestic
606.6841260559166,8020.683326104467,Domestic
766.772313169335,19285.183174797327,International
363.95882578010776,8306.829586597833,Domestic
1107.1984256205903,50229.669661473345,Domestic
872.3119780471903,17415.24953510117,Domestic
1002.610218179481,43404.73985038695,Domestic
896.2608339081908,11301.458451468388,Domestic
829.8536588233507,30509.248021674408,Domestic
156.10278666222382,6173.369841251279,Intercom
1079.3215335700663,26232.53874883067,Domestic
262.3111057216665,5269.293675892436,Intercom
1136.5993916919265,34632.19807086749,International
1086.5731734549686,48902.452856433876,Domestic
270.3415677264761,10868.70971207574,Domestic
67.03793230995124,2880.2755139146157,International
209.00603735920646,5615.66182812948,Domestic
654.7689645912245,27170.572642917712,International
1095.4673386996858,29519.263907272543,International
512.5475481876344,23556.0301750509,Domestic
592.3531814913098,26352.05750889779,Domestic
409.1835791544658,10260.66263729655,Domestic
895.1468499427004,18814.71809518138,Domestic
578.9363297207273,12894.853159184266,Domestic
320.52895343874206,6780.478904088159,Domestic
383.54939730704217,10738.756900833683,International
289.48791848768406,4896.961628668145,Domestic
149.28708355783738,4590.913354394026,Domestic
211.04073248498838,4764.94818252794,International
258.4228363900164,8152.577533979134,Domestic
209.74619767055606,6567.513972558031,Domestic
931.1230068475837,32467.932300165256,International
357.607158640876,13515.484763841207,Domestic
746.9686730839311,28100.18950478926,Domestic
409.10460659629774,11298.698586804578,Domestic
409.9443060728022,10725.773578311853,Domestic
363.2695449943397,4862.037629813586,Domestic
846.6032998151745,25203.098936201262,Intercom
515.71071034097,12577.651256079884,International
743.7242232591232,21888.094144655515,Domestic
575.4761130446789,18079.35299343106,International
837.6518963413748,18843.541543189516,International
542.5716604982579,22495.0640980415,Domestic
736.4971147507742,22862.7537244812,Domestic
439.2047672944834,14587.479182243327,Intercom
704.4256493210355,14266.02590297579,Domestic
552.1976085641863,30721.217013467063,Domestic
856.1272728307009,19469.794984422173,Domestic
487.74358823712134,14357.906146863568,Domestic
1077.196939344405,32084.23352005797,Domestic
1054.3356493168387,32182.78725054153,Domestic
1090.045244048544,52280.870736652585,Domestic
367.5163384573547,16359.85143456246,Domestic
705.6600998294069,29069.085925645573,International
390.7777649215444,16226.634433085763,Domestic
416.58423865359805,13721.554991401692,Intercom
1013.545858643667,12336.58631281455,Domestic
994.7189944702504,40324.3105200708,International
658.5923961499258,25537.68206795033,Intercom
598.001242979316,13601.26330223219,International
465.3726554956178,11019.168117544748,Domestic
792.5855818890168,22483.92974897685,International
1121.272268702309,28378.390175708395,International
526.186138778325,20885.846291803482,Domestic
51.76733519453088,1354.4931591399345,Domestic
1023.8064992409556,24803.33375267407,Domestic
642.8263386832016,20296.914180245498,International
560.9945370599934,11411.679538777056,International
828.214062469301,44630.66897729329,International
214.82271927090423,8894.331820221678,Domestic
240.07652972379626,5539.468187722948,Domestic
201.39909626607084,6295.306486726047,Domestic
534.5101316185896,25740.424805906398,Intercom
446.4917353215339,13719.558111871927,International
650.0222941339393,20376.46915118753,International
64.71156192936186,1947.6853964503962,Domestic
593.2584895720075,7277.603223558532,International
1192.1865125492893,46943.48874351213,International
307.3096869417694,14238.506435141306,Domestic
476.5380553259949,8684.109466499474,Domestic
1034.711267902806,58373.280285677625,Intercom
1094.6032864956542,28728.22002495621,Domestic
600.377064347185,17485.04985978311,Domestic
1101.9267424269347,27380.80945509902,Domestic
88.07536002422884,3177.774013618568,International
1132.9247556154303,45675.595018514054,Domestic
1137.3117310440252,30470.577291538575,International
713.1385770222289,13010.509238344292,Intercom
1144.8078465412077,49182.997934301406,Domestic
681.1199014640373,19210.822649734953,Domestic
792.8983186477409,15675.05175854855,Domestic
601.9012691637156,25368.453119283822,International
948.0544721582894,15184.674210736164,Intercom
189.83920151625514,3611.478581472267,Domestic
924.6273618800049,20060.835107775973,Domestic
820.8063816814714,16155.209864830878,International
860.3850921235444,30801.738553624436,Domestic
696.2172654552469,17277.914525064763,Intercom
570.8024417605338,11378.882396862398,International
145.36662405860994,1948.9843808675778,Domestic
168.87414904003322,5163.949594001278,Domestic
572.8971468442465,16179.00970061393,International
958.9702956975681,30526.199062614425,Intercom
176.2545047836822,4294.948995759837,Domestic
1180.0803932415802,44947.40286400689,International
637.9232543518457,21540.15623815501,International
688.3419043053583,33580.66906210675,Domestic
1159.87792436686,22735.930804370535,Domestic
771.6909601452372,30618.58536251879,Domestic
649.3447691061417,16010.186244607028,Domestic
1131.3623877973628,24186.45024289734,International
893.6840007633244,19065.6056452194,International
446.58122433851116,5283.43924408057,Domestic
1185.0548643880286,32451.30059818199,Intercom
1050.7690136109006,31128.080547708145,Domestic
225.65873264627209,5898.922454338974,Domestic
280.27055581650444,6444.516456415233,Domestic
977.4460281032718,43578.026448171586,International
1167.7188008269547,35516.70859556912,Domestic
980.5166767961535,18479.76646442948,International
222.6452419281716,3610.263072631096,Domestic
917.0870686944314,33196.372320266615,Intercom
578.5984510304291,7694.429194750667,International
561.4249276101682,16958.84467148742,Domestic
935.2382555415484,26815.96019455685,Domestic
709.3618473518528,23254.756273869643,International
741.773517572449,35990.35902473679,Domestic
1023.500284185318,27341.065333912065,International
679.4402238013727,26153.12860828249,International
1018.8409823622547,32722.95650503813,Domestic
489.2290741260325,17171.52401917553,Domestic
1057.0927739869828,31711.90692265978,International
902.476799631854,31092.166343090426,International
1094.5210429469569,39528.47899936042,Domestic
580.7131621849056,25975.703818711252,International
714.7762976154248,18190.101364189915,International
481.73742052018656,20965.970653562596,Domestic
919.0745724083587,29203.962905085646,Domestic
490.2221647062068,19788.023269397676,Domestic
911.530575506525,38014.943514869585,Intercom
69.78352351748954,2506.758923192282,Intercom
942.1869948378055,21055.746065934494,International
1165.5770435472616,22556.656399027637,Domestic
459.2916305093157,7224.392136359389,International
142.68353364653984,6914.238553864106,Domestic
790.4711790026979,19932.268202038344,Domestic
544.6777592416372,9736.550334025513,International
825.6933570144612,12101.79982555875,Domestic
432.00872603225775,6519.765253411493,Domestic
292.7982035880141,11463.340000325059,Domestic
1047.408005119688,20932.44547163249,Domestic
516.5279695215264,19810.237832470553,International
279.3344972285903,8496.54860707806,International
368.4798418141068,9187.073532814295,Domestic
680.0464696045758,22133.825777594153,Domestic
924.3604391147477,23490.928591944234,Domestic
162.58208977366695,1457.9115426520086,Domestic
305.73299619641136,5677.547502188522,International
434.991641357066,7953.900085306033,Intercom
823.5898764931309,25957.501177159553,International
1133.2138133501924,47596.720661993946,Domestic
668.4301819017212,20880.8810724544,Domestic
841.9797491800035,27289.830460898742,International
81.10228680398575,2182.0717726343837,International
868.5552004316175,15131.795361389566,Domestic
1055.9058353606267,32100.448171028846,Domestic
999.7676198514931,41102.4438938058,Domestic
306.5312115366292,4790.11378874042,International
1174.132229479256,16019.828860422684,Intercom
1085.2787944364886,24307.66437920527,Domestic
488.76379092287755,13813.648036143291,Domestic
1078.152001182515,16253.003575108014,International
1019.9779790035053,23571.75382389271,Intercom
916.3898358035577,21172.029862392283,Domestic
747.0900416885436,38433.98891804566,International
189.47068003677205,4666.609300403301,Intercom
423.0959328633066,11909.933135608324,Domestic
956.6103568845134,24726.25886655262,Domestic
660.7066418638132,23550.513460691447,Domestic
543.2616837661818,8344.091233861629,Domestic
1160.6001467376466,18860.28064112333,International
615.9621082715911,11802.382059405822,International
393.93311241202633,15483.35333890976,Intercom
166.58689195511414,7123.049693051402,International
78.55666715815379,3153.168666704838,Domestic
1169.8859723074183,17142.40605100529,Intercom
117.73377599470038,2514.8412378620474,Domestic
276.3348447586473,12092.830839328486,International
324.4751257632564,6559.024317552772,Domestic
1092.1835822830371,32856.25174285718,Domestic
1028.9496999294793,39799.049991986896,Domestic
822.0687683537303,20774.99411505868,International
525.5303087006055,10755.135974517587,Domestic
775.8996309716589,33973.20481188527,International
344.8269295512112,9816.579303230896,International
192.09051792989203,5040.017075957438,International
547.36240495473,23327.523854682364,Domestic
859.9062562367445,18314.01623207441,International
53.832470687669684,2304.9303654689206,International
684.5531291035987,12223.113177246492,Domestic
328.6436915492967,12609.468556196089,International
650.7745036046191,21493.406401982415,International
504.64215755600156,10868.096127874383,Domestic
897.8645987208889,38582.2532185322,Domestic
422.8964337923464,13798.074929222195,International
589.1291008369362,10489.889467853423,Domestic
63.658135936308994,2822.828439475722,International
1083.6565375985558,34490.63297658629,International
923.9036089353501,51837.760899009605,International
498.46829443554503,12143.180735571565,International
605.0163850149413,14131.097819120561,Domestic
518.7429931619552,14296.496106185263,Domestic
139.7492877498596,3119.101073024374,International
960.0455523617572,18729.251462125125,Domestic
1055.869098670044,34307.990399910166,Domestic
730.4578945033072,26685.302437680504,Domestic
620.7743049018103,21780.993045384286,Domestic
934.6656582284537,32613.16103774005,International
795.2687915546409,18474.54523915285,International
999.6089827580058,25254.332840005052,Domestic
421.9457877607687,14762.290001642923,Domestic
695.3177754320997,13022.038668142102,International
442.7728475250914,18676.14572964819,Domestic
406.1232032748448,8320.555493030888,Domestic
452.7555620711888,18476.30564556511,Domestic
181.70463431602002,8691.47159852253,International
72.05663522278631,1468.3617075883808,Domestic
699.0461918207199,4956.320719265646,Domestic
607.6482824879758,18404.696387796834,International
460.661948603853,8491.848761654763,International
646.27453906669,7556.257620622049,International
561.1976585369674,16034.69071396565,Domestic
1199.8240030059785,25875.37120071838,International
442.99116100585536,5120.738420275467,International
457.2607289955813,9998.94792335387,Domestic
263.2898599130473,6381.695156798559,Intercom
87.12134564419902,3514.4187800233467,Intercom
910.670787446544,40793.572227592274,International
410.41871666270293,15511.567362111356,Intercom
707.1261166728267,18359.751510636797,Domestic
289.2272043099083,10088.977339450606,Domestic
787.66501066733,27989.737310246266,Domestic
751.859871304262,30795.54832776801,Domestic
577.2169347535975,13193.637736536488,Domestic
623.3386155769374,24729.49060225458,Domestic
701.1449267104309,23169.97001026557,Domestic
215.74567240902928,7062.201619727908,Intercom
1199.3449326732061,28163.86672930208,Domestic
883.9729988732104,24930.722808353818,Domestic
115.04290815371763,3854.531858861797,Domestic
257.4504720988599,14003.864804846962,Domestic
229.367966737766,13202.640287114245,Domestic
1007.9513147636022,31053.82036314661,Domestic
917.0006976381018,36334.042115348326,Intercom
503.0468800575565,11439.467693128487,Domestic
114.60161015415923,3698.816266226034,Domestic
360.0243551049477,9411.113954147775,Domestic
284.6417641616471,5125.086143817711,International
775.7413945388082,26386.790150477926,Domestic
908.0907243353604,36011.75067397682,International
704.2978662310044,17256.04665194143,International
187.20267413938228,5861.785410298611,Domestic
1054.7317321875378,49344.39436824942,Domestic
811.0426393842747,24313.627803359654,International
999.4916144658362,22346.161532150683,Domestic
774.7221645193655,19427.220966783825,Domestic
102.3749448191141,4085.557358677409,International
1040.3367083163719,14074.753497307043,International
965.725807037782,22758.633380469582,Domestic
294.38280393455193,6576.8115371168615,Domestic
1017.300479360618,23322.39997699763,Domestic
528.9625184687156,23532.376108344026,Intercom
805.2032797208174,11302.379663806954,Domestic
958.8100137642565,17183.56561324318,Domestic
589.0520459697478,18542.39931599777,Domestic
139.51045385720596,6430.439178469968,Intercom
565.0826766484669,12557.285545423965,Domestic
1151.9176014704542,22571.68426685847,Intercom
1172.6560307389793,22594.691676044942,Domestic
696.5155629426118,33392.151719147056,Domestic
1074.9542708113822,46212.5447318249,Domestic
427.0649329947671,15118.017081572872,International
451.39123024595955,17424.825107684763,Domestic
178.2057696894507,2772.6311650637854,Domestic
987.234737771412,38902.0137915665,Domestic
723.2349775647173,13890.647402952323,Domestic
1086.597705425671,44224.81867093185,International
738.4531329759546,12747.206960749296,International
937.6066605249957,23495.408002728567,International
623.8523258289999,15277.733318523527,Domestic
877.7151125253885,24652.972705867473,Intercom
1014.50312148327,23216.116129034977,Domestic
814.6072668649031,30215.537128154687,Domestic
702.5381677659134,22898.63200055632,International
614.8182072084809,27761.822207387773,Domestic
734.8810600412611,11452.56295385292,Domestic
516.2950059690079,9722.228768223653,International
873.8491473985005,43879.33096134507,International
239.73150061252238,3676.4478432339756,Domestic
504.1439549189049,10044.545428371248,International
124.89372525200241,3262.0133265082086,International
322.270277682755,10290.953446014595,Domestic
233.42042089124539,5959.139966080272,Domestic
59.32703262275915,914.0502367593693,Domestic
347.4349138764021,10690.195786545994,International
318.56275949223124,13826.497392923044,Domestic
290.6641921967266,6791.74944617098,Intercom
194.88776822934642,5150.7112743677,International
64.38131523790764,2143.4612308172855,Intercom
1127.623567881569,36717.07011712797,International
389.34250890057876,12472.713980192633,Intercom
1103.6492706857325,33991.407296147,International
714.6911577174025,22724.377502726195,Domestic
778.4549114720037,20269.03408590397,Domestic
843.0565828090821,52502.99780745372,Domestic
76.99723065739026,3386.503982211489,Domestic
752.5822376909297,33327.82467696447,International
222.13885464840206,5520.214051416668,Domestic
1190.0273486578708,43931.455984902335,Domestic
497.21364251857375,10983.634764510236,International
956.9604060418752,29018.82892669076,Intercom
1198.1961480089446,35065.51089076335,International
373.0777711353036,12605.528509739352,Domestic
1188.3446125270243,32662.66066502689,Intercom
1008.07383783668,45713.465828404595,Domestic
291.30663224358256,11212.711197728673,Domestic
72.260832796459,605.1943138751598,Intercom
737.6273051222743,39480.2904421007,Domestic
475.4602432354421,12879.298163691372,Domestic
713.5883355998835,24333.602574434302,Domestic
317.3033174891058,11960.940112486496,International
623.1675406377451,23597.336253919766,International
52.48206150295685,1968.3239530546962,Domestic
716.8419278393619,16770.133003912713,Intercom
666.3761899160978,24399.109069197482,International
1051.3855498886346,49321.17985459189,Domestic
193.0589351485495,5699.32081252977,International
450.44222100879466,13664.001528615618,Domestic
459.2227480419356,9227.372673126065,Domestic
512.6702015894447,24783.260958855695,Domestic
231.9348955427947,8840.03634544777,International
1025.1034156077803,27970.874266813575,Domestic
740.7647076540283,15827.471458939213,Domestic
451.6437773644393,7976.8687833678905,International
782.8032171084321,29324.850430885643,Domestic
525.8419544605624,12362.695672606542,Domestic
597.7245333550866,8885.870323835286,Domestic
1104.914018233937,36723.32063932609,Domestic
925.4614527884928,33156.9464078869,Domestic
345.74585690064094,15517.261033868166,International
158.3886392181707,4567.127061534153,Domestic
390.0284323529782,12259.616248004022,Domestic
775.3546085891644,27008.277558821006,Domestic
889.2308357183958,53566.55578135718,International
716.6093183030308,18509.664687063436,International
947.4542686123668,24594.466150539793,Domestic
742.9158167748699,25601.090575365586,Domestic
504.5482390411117,15361.252547317981,International
1045.3909658917005,23588.346450694542,Domestic
176.6074200820795,2622.8814265648266,International
344.4970021659812,3918.009984575877,International
270.08565462209265,10683.58804488662,International
158.86721330316897,1977.28123566962,Domestic
815.9676290074278,17293.128975086493,Domestic
226.10385891371652,8197.03418471423,Domestic
1121.820120835423,25627.625314241282,Domestic
272.6124380637241,5274.493643250342,Domestic
993.5011292349072,34368.44624489341,Domestic
607.0503368233495,21156.285615187506,Domestic
279.4930825758456,4999.672384915042,Domestic
1169.0407363203724,17751.343552487015,Domestic
942.7722479746211,21598.75266787941,Intercom
873.9316150972797,19048.27943299492,Domestic
819.4997915454288,24591.878736284092,International
974.1565354430627,22822.65796403221,Domestic
771.7942863672835,9157.410152187189,International
504.260907470946,21206.058658817976,Domestic
684.2148361516258,17020.356313390024,Domestic
896.4034172828764,25636.157319149275,Domestic
824.4488158362128,20044.222628101954,Domestic
912.9641686455883,37458.065461176564,Domestic
180.38794750567214,7554.304718463964,Domestic
1081.1829155197834,41252.53400786141,International
434.70690872837304,12235.77930105352,Domestic
779.289631716406,17500.67214862093,Domestic
927.7351231118209,27396.068297824288,Domestic
775.3602732519644,22454.952616204595,Domestic
334.1260954384736,7940.489588518074,Domestic
140.77062409748936,2270.286559047336,International
725.5571612053557,17376.415401481594,Domestic
122.40048458275967,2633.8363082824426,Domestic
1132.5812763609986,46261.22936413998,International
627.1197170629522,17479.019334034074,Domestic
881.4129803787067,27279.438964259218,International
1073.589121033616,38166.110163578065,Domestic
1067.6770570382841,22557.48075175305,International
327.831947479634,9448.084393913403,Domestic
376.50428764741457,14772.811033882123,International
698.8316607035442,27270.048395876795,Domestic
198.60157699543666,3446.712362968546,International
668.9285392656974,32678.839369318892,International
817.9000468875712,15059.112053459377,Domestic
672.0030690518427,22458.730082973747,Domestic
1033.1520294447143,37292.74257079689,Domestic
291.0447148516248,14278.005101894956,International
567.4403135464604,16768.096224040513,Intercom
399.02868999036775,10815.147025002872,International
141.38924758585074,5132.380534618352,Domestic
283.4024145656176,9622.034616135681,International
398.69788523425814,9340.603774766825,Domestic
448.5922635547165,12217.317439285149,Intercom
706.9835433722639,6403.325572703559,Domestic
1133.6882379973215,25326.417571311908,Domestic
417.23788097160707,11110.484492158099,Domestic
906.4926369291259,14529.191498819146,Intercom
470.18818880612105,17639.333201006844,Domestic
343.4839683138291,9543.602816825241,Domestic
1138.556024436234,53449.12860953218,Domestic
744.9159345225315,28202.555017777864,Domestic
281.8957274597134,5586.3150360844575,International
54.36222012019237,1471.3799604350909,Domestic
233.19152779410783,2866.307296529988,Domestic
1052.2978809161539,45811.01564147971,Domestic
263.2023373812579,4801.815032025708,Domestic
484.6016269992081,22544.19034734566,International
437.658978060646,12958.161913580478,Domestic
957.0112117999693,22247.16996218508,Domestic
1050.0083324669554,11721.16126081608,International
248.2897333617252,11387.87347024342,Domestic
500.9813571524814,15596.616768909455,Intercom
833.5054962019981,48813.038785419994,Domestic
1191.072309064898,19295.06752918147,Domestic
542.501486192954,32741.42373983827,Domestic
695.5721482632599,23612.02133784678,Domestic
109.32415872842498,3923.268833081725,International
805.7221348362833,40147.47087899723,International
528.8536780753457,10473.365337550003,International
1174.3316622841942,49683.6057838757,Domestic
60.438794927411976,2349.108259254638,International
398.9270938411334,8433.11163852099,International
511.11084792059745,16146.96985472834,Domestic
327.0292858929814,11524.397473760811,Domestic
999.3676843166878,13951.602045658532,Domestic
748.2365571674185,12234.854467587355,International
166.51570513222617,6042.852098149043,Domestic
318.67058777764424,10389.397090237908,International
1059.6560529714257,19693.88110922745,Domestic
947.1889405292341,26000.01295231394,International
1129.8934661564122,27062.19502004422,Domestic
206.63176564731256,7175.954684017809,Intercom
462.40392027987383,11345.5818105735,Intercom
687.8886310136531,25864.10094290109,Intercom
1158.083059215502,20007.169960871393,Domestic
1133.5579533569946,26523.50314440032,Domestic
750.3658641510519,16681.914815486758,Intercom
768.6081693440264,5741.210536334884,Domestic
1116.6943439310398,37863.60891601634,Intercom
877.2822633084918,31447.173426070876,International
244.3609362275917,12532.718643064032,Domestic
428.57041212490975,14658.260949678306,Domestic
947.9565530998368,39434.7936622346,Domestic
735.2389327733836,18594.638843821784,Domestic
572.3355003559839,24576.79671219802,International
673.2757791472676,17949.661673713174,Domestic
694.6923576135305,21211.851192403028,Domestic
428.3033834105116,12722.039746743814,International
420.89407217394705,6773.699046752836,Domestic
504.2307520805558,10621.24717699793,International
1156.9611563301369,37709.71624179117,Domestic
375.3530998702436,11587.27003880171,Domestic
963.5308587151721,30539.641449580595,Intercom
94.89776515743154,1819.0765397850619,Intercom
394.24869467218184,7739.135771825084,Domestic
1159.9639234775016,40394.56530227862,Intercom
1126.1001512183907,24992.008887387994,Domestic
566.8636779499011,11097.715907875647,Intercom
289.76790204702024,3734.8687633186964,Domestic
1190.9560813970888,45728.36317321222,Domestic
1149.6247578441573,40597.75081370237,Domestic
349.5914923643883,11647.795391328105,Domestic
211.24858189684377,6886.413319691079,International
767.6081913191539,37627.483248639604,International
1066.4844364347887,47867.518785350636,Domestic
987.2091839654767,32156.40729164408,Domestic
634.6766957252097,12224.924034570446,Intercom
840.7599126266122,13464.45765656751,International
370.73273924437297,16335.88290426462,Domestic
183.69387556750442,4889.51975424687,Domestic
1126.5374543478147,18351.99868614664,Domestic
298.0514647760805,7941.665015757764,Intercom
967.865560895586,33378.07697031951,Domestic
522.5127471378457,16818.220710083675,International
427.88699022021814,10060.682085561864,Domestic
323.7901028427062,9549.62908899041,Domestic
164.7848306349952,3699.521647064837,Domestic
439.19722419350916,10737.331531960122,Domestic
684.3063299042026,17468.837396711773,Domestic
549.4446990754325,16129.07514423763,Domestic
418.3917356487571,13969.784568295318,Domestic
222.50982094556826,10816.255719005167,International
862.2035198817267,12124.074444729516,Domestic
83.67692799049397,1204.6082034315657,Domestic
584.9033577978462,5699.896553674484,Domestic
317.55803162783394,5538.041819954469,Intercom
339.4567287023643,7222.748268288933,Intercom
437.984393473578,14802.224821085574,International
368.1106115904793,4787.077850561342,Intercom
612.2798363323182,11189.231036966348,Domestic
88.65002630061892,3021.1432408241003,Domestic
580.3537256260981,19177.23176516608,Domestic
591.2704106248518,7238.1598885110125,Domestic
1049.6055049288188,48218.368767683955,Domestic
860.4715106282434,20949.694525477677,International
318.27176805814116,9104.949464956417,Domestic
334.1651279769714,12140.185714283616,Domestic
154.2484928347086,2861.909883660019,Intercom
171.1333938802364,8507.418720319676,International
673.9061491399387,19527.197372907667,Domestic
974.2220978898672,50358.80496091851,Domestic
1004.5374464372188,35258.55558019833,Domestic
583.8759939663632,14305.19503846218,Domestic
187.14608090159004,1287.3677563583938,Intercom
735.5687189745113,23381.535536910174,Domestic
57.495149009848554,2023.6671390689162,Domestic
834.4073911784014,22015.543010847156,International
95.20910392705161,1678.0773907454293,Domestic
1074.2965677510372,34794.886019094614,Domestic
461.7668868378987,22508.263789511682,International
165.56121196936832,7323.702509181154,Domestic
206.1033324249198,4799.8029449506885,Domestic
1198.9660487222989,13062.51099163805,Domestic
1001.9755849913846,32608.444531999936,International
653.4658065766607,21041.581497064144,Intercom
746.3259229642086,19635.183934479875,Domestic
495.2038486598515,10832.487991184804,Intercom
831.5764983964779,12877.709881059222,Intercom
513.7539389320489,18535.039408687073,Domestic
713.7949676779403,13348.290033100948,International
1117.1452714422433,40767.94390639016,Domestic
221.51086198469872,9827.417391194333,Intercom
1112.308429173915,21433.572020220094,Domestic
665.2910922755069,21360.427160836553,Domestic
762.2419505732665,37001.78316414519,International
756.3421569907695,21211.334219719378,Domestic
92.96048448189137,2251.8249863997353,Domestic
923.5101652581503,30429.699396024083,Intercom
542.7121320315757,20538.25214977189,Domestic
1180.7817915576745,19076.542810027462,Domestic
1008.8866419626075,41714.5314351567,Domestic
429.02958455788786,20140.604414166584,International
464.4699012457479,20723.008457012664,Domestic
57.201680751272015,1502.7346084305918,International
748.8918014986249,29786.278556868554,Domestic
672.296305853944,36897.04939088559,Domestic
651.7411000338273,26866.26431901608,International
873.3473161749038,46286.92681172416,Domestic
339.8013075279965,4178.331185658042,Domestic
436.06999324661507,19858.85611245513,International
488.0941625411295,15128.717184401235,Domestic
1180.3228134625856,58712.1985469142,International
181.84425488030064,4810.2143729220925,International
461.7877239360142,13949.744925312392,Domestic
1154.284211682927,37672.698365055214,International
381.5688510248989,11422.470344944068,Domestic
344.81593394387147,3890.3743168117453,Domestic
249.47597247653323,11407.296366612225,International
603.5863262280897,32706.020923890977,Domestic
365.84631158758265,8731.24654007128,Domestic
607.6426849730162,18135.136078049974,International
229.1671192900559,6658.220838180237,Domestic
657.3660449472844,28223.782320330483,International
1142.3376896856846,18833.800433896613,International
360.72239866951827,13096.795154470808,Intercom
566.3026167484718,12790.535779849224,Domestic
933.4030207338913,35765.032474907755,Domestic
710.0219371444706,11795.49282904469,Domestic
488.26607172276766,18986.710015507546,International
794.7390466678875,47601.799850241274,International
1004.0321303689778,13209.08340556686,Domestic
1022.7860665900369,38945.891542157115,Domestic
122.32771868317081,4821.505075380964,International
1090.449784174429,19641.282312316125,Domestic
539.2301876163292,8415.084110604603,International
1057.963424846042,25797.955504633905,International
199.80302753021914,5260.626702000225,Intercom
1071.4794388946357,39380.88341398382,Domestic
324.38430280068866,5977.825334178347,International
663.0327148588323,11047.777031341764,Domestic
174.98028441770742,2512.5195159367145,International
845.8116274364539,22694.55511522658,International
930.1861259879714,26346.94549894632,Domestic
1139.909436968837,59516.90127938568,International
861.3423438808766,20038.700714347156,Intercom
189.27841224081018,6442.058540744268,Domestic
870.9970457388766,17393.49665891372,Domestic
357.05980891070897,4598.122203376254,International
1110.064371914117,20490.986599088403,International
970.7604460447477,25963.14802452019,Domestic
276.8996792575159,4408.663505635455,Domestic
962.9919879020006,41038.220342898436,Intercom
650.4306841656276,27452.437945304107,International
942.6576278645043,38383.04784100001,Domestic
828.9367035776979,19020.375720848824,Domestic
1017.863408216494,26241.161012176828,International
735.2515182589841,27560.202434146286,International
276.59460630433864,7595.697332752345,Domestic
862.1053851796715,29613.619636929823,Domestic
1027.0060854664139,17057.80634984196,International
1026.5917622157572,24148.472985266148,International
115.20692370230613,2021.4591190288606,Domestic
1107.9603132996635,24484.560854139367,Domestic
543.6436126095887,22065.603979127518,Domestic
671.5721044551929,27654.596925234007,Domestic
588.3548948966904,26216.871528717988,Intercom
143.58449594277192,5292.71466505039,Domestic
53.397922078387836,2415.489549684414,Domestic
984.150078103016,44455.064175453175,International
660.3330657890734,22174.11978262299,International
473.2452398744233,11158.376147297813,Domestic
530.0398184038015,19033.03940668078,Domestic
966.0034209457472,37157.99534775538,Domestic
369.3973231379076,11133.625160721103,Domestic
226.66983965847888,6775.1503608346875,Domestic
508.46995367646286,20627.527423054624,Intercom
201.32634073846936,12128.265236156312,Domestic
325.65519664327786,11842.759916666695,Intercom
191.66260898854074,6749.1092771261365,International
1187.5968551140506,56278.00495142832,International
281.6575646637357,7148.269782772169,Domestic
172.27841061182545,4872.035108369821,Domestic
818.4062576336498,14892.339954471934,Domestic
510.73905404499703,27064.1962438044,Domestic
83.80780189405286,1117.578729021501,Domestic
732.231748389306,17764.81592335853,Domestic
252.13534227626468,7878.373667796009,International
72.54301579239512,1615.3446829789527,International
621.8024196163698,12354.016913444491,International
821.7999692739008,17778.050876155343,Domestic
423.682760008852,11199.443414397894,Domestic
548.0121282577525,17550.911611829324,Domestic
499.82511933235753,12370.941770607742,Intercom
149.40231028944729,5211.1122960369385,Domestic
810.0804239905292,16482.865140051377,Intercom
811.25243185349,19384.681454671114,International
397.799299898198,16243.599199633874,Domestic
666.1659036504645,17554.240054509628,International
926.1726037713347,21154.588882311175,Domestic
449.6768442693061,16676.5686242078,Domestic
385.231865673411,19514.628843649116,Domestic
677.848120110029,15758.7367614035,Domestic
293.95467782055835,12755.61760774154,International
1064.7892661689098,37387.0030306176,Domestic
595.9978174994551,22755.9562716652,Intercom
1082.7329937052784,26794.448547682656,Intercom
1118.9707836740627,17556.872313972082,Domestic
903.7803330229672,22254.370791721827,Domestic
1161.289053958684,38575.31875068689,Domestic
458.9532324600664,15879.54375006691,International
954.2524742301715,21915.492155757056,Domestic
1183.7377905099204,47199.749092651095,International
847.0985174802848,28778.868534906363,Domestic
508.60485786961533,10567.106724016794,International
593.447944466839,23814.880104053336,International
865.8329261238923,25378.584921961894,Intercom
988.5400982927305,36620.309364536086,Domestic
935.043259390244,20942.086731809155,Domestic
789.2729029985453,21298.35210163852,International
158.2689692073947,5298.515408173989,Domestic
554.7411410153509,14982.139408315707,Domestic
1115.0035438877082,27252.703326063678,Domestic
591.7970637101605,17275.13210647636,International
990.2096562874672,27413.99013787651,International
810.7453680189562,33497.55318887166,Domestic
723.3315051432444,27781.89180143445,Domestic
700.9540986286523,12241.459545866503,International
384.3936772084526,5069.046840577659,Domestic
71.07818877571603,2662.5125888137036,Domestic
672.2946853941628,16501.926212201834,International
382.20574858479023,5918.928728287077,International
385.71278983143554,6608.098288132993,International
118.73373331205275,2608.2423230030145,Domestic
387.01871481097754,7553.274088848122,Intercom
343.08604683027255,7158.391551766517,Domestic
1108.9601512507497,30057.036226426488,International
629.5945318819637,31278.835173428743,Domestic
62.53660408975695,2427.300987111933,Intercom
823.4266665963894,13754.541880652954,Domestic
573.5109941598068,11967.034843400585,Domestic
99.61490488055207,5020.287998561827,Domestic
1096.0742957960704,32910.05207722372,International
667.1436549050819,15807.509391772868,Domestic
1068.6558443224496,59967.1960841847,Domestic
461.57637165743745,9029.814975311452,Domestic
1036.4400213138529,38035.76784690146,International
137.72714636400863,2764.4652249028886,International
211.1565276216703,5421.199265911628,Domestic
959.2997118863301,38255.44653963187,Domestic
378.45970568223476,8755.27156719312,Domestic
179.02150396135121,2095.036181318271,Domestic
365.60073660211265,10654.798180042975,Domestic
409.4698068898065,9433.98658516983,Domestic
706.450000609245,29903.72497814613,Domestic
1180.093634264845,24144.130745052164,International
1082.4153310942365,39905.11719020027,Domestic
329.2760098530015,12787.37779967939,Intercom
289.71262371587943,9919.50785550464,Domestic
733.6932774811366,15989.757402997944,Intercom
1000.308050371478,23823.91770923564,Domestic
645.1932720152831,31944.363390011018,Domestic
609.4085552121205,16862.072951366998,International
528.1471445966017,16212.430478510647,Domestic
723.7279883431577,26247.29211897618,Domestic
215.73875445027218,8568.91814403868,International
183.72185098257074,4968.438723564702,Intercom
1007.4183104201422,44876.04546785964,International
331.5901195293045,4012.343366625607,Domestic
816.1605706273581,33250.35180116553,Intercom
258.16912339837086,3857.9034089637817,Domestic
867.5862382951022,11600.629502670381,Domestic
347.7242641997167,5943.063010960703,Domestic
567.9837390528396,8276.35664742292,International
404.05441270695974,5593.24868516022,Domestic
947.8808666470443,38447.540562033326,International
1040.4776011960375,49869.378086803874,International
326.5794072584797,12833.774318356647,International
339.99305571470404,10949.466899110808,Domestic
877.4685505998322,21620.18104783752,International
859.0948078331639,18883.399954787277,Domestic
1129.5777761437566,22534.46810410447,International
639.5229593542341,34306.43237595561,International
575.0891552824733,18954.072622466938,Intercom
80.28628545762294,1794.13904603433,International
175.81586631418423,2831.93400601695,International
1119.6189010766263,16955.095002418715,Domestic
124.7776004957137,5279.621259876312,Domestic
227.67956403767252,4499.1893538920085,Domestic
59.30421863536006,2389.8257261681892,Domestic
1160.8658425007907,15711.508937992125,Domestic
463.22781802592885,10911.649906342023,International
971.0104614470188,20170.39837828236,Domestic
318.1361396810798,8382.5643591845,International
534.5025452816003,8567.44538585973,International
94.55197698255121,2638.4170576174865,Domestic
355.2822053681148,14702.388253823641,Domestic
1051.9737508071184,28104.65264914252,Intercom
579.3620820688593,17275.520736665454,Domestic
427.9375331631149,14435.392994729118,Domestic
932.1042229330977,32664.99486650824,International
1127.6769999874355,68083.45249006289,Domestic
620.9706162594623,32018.6766260893,Domestic
1132.8300954235438,17626.252013889945,Domestic
760.8349501476251,23995.887169614005,Domestic
570.6220019898748,13026.690529716965,Domestic
684.6638101004837,17730.550980343418,Domestic
845.9177047591634,12438.09512471941,International
783.8339218815587,14333.907054570864,Domestic
501.5441754665846,15749.484174479265,Domestic
1194.9155975502708,41900.4588968834,Domestic
609.6143841336471,19877.505985802098,International
1059.829891431656,27995.330023220646,International
714.6666622244026,38554.05349035302,International
222.40314810618813,6251.4989306373545,Domestic
512.5994859773025,14085.883033359649,Domestic
495.1135509252215,10976.843714762774,Domestic
801.5908054108542,26849.322605790858,Domestic
685.0582317663477,14906.041874002556,International
950.0302521762723,19225.16983633134,Domestic
687.8166323429809,31140.813308080356,Domestic
756.4960419359348,12519.891612658479,International
579.0829346284966,33271.632655938454,Domestic
249.42042428621153,5618.505739416868,International
434.7448776308185,15085.968737724499,Domestic
722.3593123661142,22760.064880088517,Domestic
729.9604817992481,16406.526774127688,Domestic
762.7110975145737,28726.168638428546,Domestic
113.79375061489824,1655.2787190524075,International
266.424682388958,9299.856942609907,Domestic
357.6508972252201,8206.606876560689,International
559.6280394804361,17349.980337829318,Intercom
318.2391343008605,3838.440706760425,Intercom
916.0256933128941,39707.48911010167,International
609.9996621766237,29535.94856098856,International
883.3680245586245,13384.337118410776,Domestic
496.79586606254406,22931.28730467676,Intercom
1121.5978980344773,29958.98422303887,International
651.7902430594788,23006.583887277193,International
639.2817867770427,14479.091833390275,Domestic
939.2138385600724,21197.142266866686,Domestic
615.5005382447863,27108.507189508673,International
822.1799831623122,11978.994566407422,International
801.0001726026242,23927.428152750268,Domestic
357.522435037053,12197.819565642709,Domestic
892.211351003817,20765.167879303837,Domestic
698.3326392150979,31505.667607650812,Intercom
834.581709635145,15166.038179713161,Intercom
363.1585110134691,16125.705432453764,International
1170.7487934578642,28222.154395373414,Domestic
255.05599755372995,8578.591032217357,Domestic
207.88634863384857,4389.777759129856,Domestic
654.2588404419973,32851.74712728821,Intercom
210.04928080368848,3204.8573697341844,International
708.9060412724167,21256.220884580904,Domestic
767.1858325367274,25182.138617465185,Domestic
724.2155407206548,16188.955244674162,Domestic
1135.34549110784,37479.417953342796,Domestic
650.297494799748,24157.469087890295,Domestic
